-- phpMyAdmin SQL Dump
-- version 5.0.2
-- https://www.phpmyadmin.net/
--
-- Hôte : 127.0.0.1:3306
-- Généré le : mer. 15 sep. 2021 à 12:53
-- Version du serveur :  5.7.31
-- Version de PHP : 7.2.33

SET SQL_MODE = "NO_AUTO_VALUE_ON_ZERO";
START TRANSACTION;
SET time_zone = "+00:00";

--
-- Base de données : `symreact`
--

-- --------------------------------------------------------

--
-- Structure de la table `customer`
--

DROP TABLE IF EXISTS `customer`;
CREATE TABLE IF NOT EXISTS `customer` (
  `id` int(11) NOT NULL AUTO_INCREMENT,
  `first_name` varchar(255) COLLATE utf8mb4_unicode_ci NOT NULL,
  `last_name` varchar(255) COLLATE utf8mb4_unicode_ci NOT NULL,
  `email` varchar(255) COLLATE utf8mb4_unicode_ci NOT NULL,
  `company` varchar(255) COLLATE utf8mb4_unicode_ci DEFAULT NULL,
  `user_id` int(11) DEFAULT NULL,
  PRIMARY KEY (`id`),
  KEY `IDX_81398E09A76ED395` (`user_id`)
) ENGINE=InnoDB AUTO_INCREMENT=81 DEFAULT CHARSET=utf8mb4 COLLATE=utf8mb4_unicode_ci;

--
-- Déchargement des données de la table `customer`
--

INSERT INTO `customer` (`id`, `first_name`, `last_name`, `email`, `company`, `user_id`) VALUES
(1, 'Émilie', 'Labbe', 'martin.martin@vallet.com', 'Pichon', 1),
(2, 'Patrick', 'Mace', 'thibaut.guichard@brun.org', 'Rodrigues', 1),
(3, 'Auguste', 'Lebreton', 'qguyon@tiscali.fr', 'Leconte SA', 1),
(4, 'Édouard', 'Pons', 'yguyot@ifrance.com', 'Blondel SARL', 1),
(5, 'Luce', 'Grenier', 'suzanne.buisson@laposte.net', 'Dufour', 1),
(6, 'Frédéric', 'Descamps', 'flopes@martinez.org', 'Benard S.A.', 1),
(7, 'Alexandria', 'Pruvost', 'ocaron@bouygtel.fr', 'Dumont Julien SAS', 1),
(8, 'Françoise', 'Dos Santos', 'christiane29@deschamps.fr', 'Gilbert', 1),
(9, 'Constance', 'Noel', 'ocarre@tele2.fr', 'Barbe SA', 2),
(10, 'Élise', 'Lopes', 'apons@noos.fr', 'Picard Blondel S.A.', 2),
(11, 'Constance', 'Toussaint', 'christelle.moreno@wagner.fr', 'Salmon', 2),
(12, 'William', 'Evrard', 'dias.rene@gmail.com', 'Lopes', 2),
(13, 'Pénélope', 'Bertin', 'laure.guerin@breton.com', 'Rey et Fils', 2),
(14, 'Émile', 'Prevost', 'marques.etienne@club-internet.fr', 'Pineau', 2),
(15, 'Thibault', 'Carlier', 'noemi.humbert@tiscali.fr', 'Perret SA', 2),
(16, 'Lorraine', 'Hebert', 'robert81@hotmail.fr', 'Leconte', 2),
(17, 'Benjamin', 'Chretien', 'marguerite85@hotmail.fr', 'Fernandes Gomez S.A.R.L.', 3),
(18, 'Marguerite', 'Lelievre', 'maurice.marechal@joly.net', 'Andre Auger SA', 3),
(19, 'Colette', 'Guyot', 'genevieve60@tele2.fr', 'Marion Joseph S.A.R.L.', 3),
(20, 'Laetitia', 'Pottier', 'danielle.leroux@masson.com', 'Tessier et Fils', 3),
(21, 'Marcel', 'Berthelot', 'zacharie63@legrand.net', 'Vincent SA', 3),
(22, 'Thérèse', 'Clement', 'alexandre.millet@vallet.fr', 'Fleury', 3),
(23, 'Arthur', 'Lombard', 'rgallet@wanadoo.fr', 'Chauveau', 3),
(24, 'Marine', 'Petit', 'enavarro@wanadoo.fr', 'Chretien S.A.S.', 4),
(25, 'Nathalie', 'Didier', 'maillot.auguste@dbmail.com', 'Blanchard', 4),
(26, 'Océane', 'Marty', 'chauvin.hugues@regnier.fr', 'Pires Gros SA', 4),
(27, 'Joseph', 'Ledoux', 'henriette07@rocher.net', 'Regnier Lefevre et Fils', 4),
(28, 'Alphonse', 'Leduc', 'guy.aubert@tiscali.fr', 'Mace SA', 4),
(29, 'Thibault', 'Chauvet', 'gabriel13@ifrance.com', 'Weber', 4),
(30, 'Joséphine', 'Breton', 'dupuis.christiane@mathieu.fr', 'Royer', 4),
(31, 'Valérie', 'Le Gall', 'sabine00@michel.fr', 'Mendes Leclercq S.A.S.', 4),
(32, 'Élodie', 'Deschamps', 'francois.caron@martineau.fr', 'Neveu', 4),
(33, 'Louise', 'Pruvost', 'ledoux.victor@ifrance.com', 'Antoine SA', 4),
(34, 'Jacqueline', 'Bouvet', 'michel.guillou@delattre.org', 'Fernandez et Fils', 4),
(35, 'Sophie', 'Fouquet', 'wjacquet@jacquet.net', 'Ferreira', 4),
(36, 'Gérard', 'Georges', 'virginie16@bigot.com', 'Jacob Royer SARL', 4),
(37, 'Bertrand', 'Auger', 'audrey.dossantos@camus.com', 'Boyer', 5),
(38, 'Martin', 'Ramos', 'lmichaud@dias.fr', 'Olivier', 5),
(39, 'Franck', 'Adam', 'susanne33@breton.fr', 'Martinez', 5),
(40, 'Marguerite', 'Moulin', 'veronique.sanchez@leclerc.fr', 'Gomes S.A.S.', 5),
(41, 'Colette', 'Sanchez', 'marechal.nathalie@tele2.fr', 'Faure', 5),
(42, 'Frédéric', 'Guillaume', 'lamy.alex@lagarde.fr', 'Charpentier', 5),
(43, 'Victor', 'Albert', 'zpereira@bouvet.fr', 'Carpentier', 5),
(44, 'Françoise', 'Regnier', 'tguillou@millet.fr', 'Traore', 6),
(45, 'Patrick', 'Collet', 'jules.schmitt@clerc.fr', 'Gros Coulon et Fils', 6),
(46, 'Victoire', 'Denis', 'hardy.suzanne@ifrance.com', 'Jean', 6),
(47, 'Hugues', 'Blin', 'olivie.durand@tele2.fr', 'Laine Briand S.A.S.', 6),
(48, 'Margot', 'Leduc', 'dturpin@besson.fr', 'Marques SARL', 6),
(49, 'Georges', 'Vallet', 'christophe.bouchet@bouygtel.fr', 'Pierre SA', 7),
(50, 'Clémence', 'Laurent', 'guillaume.aubert@yahoo.fr', 'Herve Rousset SARL', 7),
(51, 'Georges', 'Michaud', 'jacob.gerard@yahoo.fr', 'Breton', 7),
(52, 'Victor', 'Fernandes', 'adelaide.ollivier@club-internet.fr', 'Besson Maillot SARL', 7),
(53, 'Clémence', 'Gerard', 'camille61@laposte.net', 'Mace', 7),
(54, 'Laurent', 'Vallee', 'eric.perrot@ifrance.com', 'Rodrigues', 7),
(55, 'Nicole', 'Mallet', 'simone20@roy.com', 'Carlier SA', 7),
(56, 'Antoinette', 'Sauvage', 'cdiallo@petitjean.org', 'Roger Lecoq SARL', 8),
(57, 'Éléonore', 'Marchal', 'adrien40@parent.com', 'Chauveau', 8),
(58, 'Gilles', 'Blot', 'corinne89@legendre.com', 'Joseph', 8),
(59, 'Luce', 'Leroux', 'vincent90@ruiz.net', 'Dupuy', 8),
(60, 'Louise', 'Gomes', 'hugues73@blanchard.fr', 'Garcia Schmitt S.A.S.', 8),
(61, 'Michel', 'Weiss', 'bernadette.goncalves@parent.fr', 'Huet', 8),
(62, 'Jean', 'Dupre', 'emilie13@couturier.fr', 'Albert S.A.', 9),
(63, 'Chantal', 'Bouvier', 'michelle.maillet@perez.fr', 'Philippe S.A.', 9),
(64, 'Matthieu', 'Garnier', 'martine85@tiscali.fr', 'Gomez', 9),
(65, 'Stéphanie', 'Auger', 'hblanchet@club-internet.fr', 'Robert SA', 9),
(66, 'Édouard', 'Blin', 'jerome.hebert@leclercq.org', 'Gautier SAS', 9),
(67, 'Paul', 'Colas', 'pgregoire@tiscali.fr', 'Duval SAS', 9),
(68, 'Franck', 'Pruvost', 'eugene.philippe@guyot.com', 'Ollivier', 9),
(69, 'Émile', 'Pichon', 'itanguy@reynaud.org', 'Chauvet', 9),
(70, 'Bernard', 'Joly', 'gregoire52@rodrigues.fr', 'Girard', 9),
(71, 'Christelle', 'Diaz', 'mahe.sebastien@boucher.com', 'Lambert', 9),
(72, 'Grégoire', 'Bouchet', 'antoine.muller@bouygtel.fr', 'Breton Arnaud S.A.R.L.', 9),
(73, 'Hortense', 'Antoine', 'marcelle55@schneider.fr', 'Launay Remy SA', 10),
(74, 'Maryse', 'Texier', 'fbousquet@lecoq.fr', 'Tessier', 10),
(75, 'Victor', 'Guillon', 'guyon.margot@tiscali.fr', 'Herve David S.A.', 10),
(76, 'Michel', 'Deschamps', 'marianne09@rey.net', 'Coulon', 10),
(77, 'Nicole', 'Jacquot', 'ferreira.clemence@teixeira.fr', 'Denis', 10),
(78, 'Marcel', 'Potier', 'gay.aimee@orange.fr', 'Marty', 10),
(79, 'Jeannine', 'Duhamel', 'michelle.roux@barthelemy.fr', 'Dupre', 10),
(80, 'Margaux', 'Techer', 'ribeiro.eugene@gerard.net', 'Robert S.A.R.L.', 10);

-- --------------------------------------------------------

--
-- Structure de la table `doctrine_migration_versions`
--

DROP TABLE IF EXISTS `doctrine_migration_versions`;
CREATE TABLE IF NOT EXISTS `doctrine_migration_versions` (
  `version` varchar(191) COLLATE utf8_unicode_ci NOT NULL,
  `executed_at` datetime DEFAULT NULL,
  `execution_time` int(11) DEFAULT NULL,
  PRIMARY KEY (`version`)
) ENGINE=InnoDB DEFAULT CHARSET=utf8 COLLATE=utf8_unicode_ci;

--
-- Déchargement des données de la table `doctrine_migration_versions`
--

INSERT INTO `doctrine_migration_versions` (`version`, `executed_at`, `execution_time`) VALUES
('DoctrineMigrations\\Version20210915071017', '2021-09-15 07:11:18', 423),
('DoctrineMigrations\\Version20210915071556', '2021-09-15 07:16:10', 1456),
('DoctrineMigrations\\Version20210915071945', '2021-09-15 07:19:59', 2110),
('DoctrineMigrations\\Version20210915072918', '2021-09-15 07:29:31', 2117);

-- --------------------------------------------------------

--
-- Structure de la table `invoice`
--

DROP TABLE IF EXISTS `invoice`;
CREATE TABLE IF NOT EXISTS `invoice` (
  `id` int(11) NOT NULL AUTO_INCREMENT,
  `customer_id` int(11) NOT NULL,
  `amount` double NOT NULL,
  `sent_at` datetime NOT NULL,
  `status` varchar(255) COLLATE utf8mb4_unicode_ci NOT NULL,
  `chrono` int(11) NOT NULL,
  PRIMARY KEY (`id`),
  KEY `IDX_906517449395C3F3` (`customer_id`)
) ENGINE=InnoDB AUTO_INCREMENT=440 DEFAULT CHARSET=utf8mb4 COLLATE=utf8mb4_unicode_ci;

--
-- Déchargement des données de la table `invoice`
--

INSERT INTO `invoice` (`id`, `customer_id`, `amount`, `sent_at`, `status`, `chrono`) VALUES
(1, 1, 1872.41, '2021-06-26 11:06:12', 'PAID', 1),
(2, 1, 4512.59, '2021-07-26 05:22:44', 'PAID', 2),
(3, 1, 4371.55, '2021-07-13 13:09:55', 'PAID', 3),
(4, 1, 4592.97, '2021-09-14 04:42:05', 'PAID', 4),
(5, 1, 2834.6, '2021-06-20 09:13:08', 'SENT', 5),
(6, 1, 2502.17, '2021-08-22 21:30:05', 'CANCELLED', 6),
(7, 1, 1806.4, '2021-09-11 08:55:20', 'CANCELLED', 7),
(8, 2, 3949.13, '2021-07-05 19:19:45', 'CANCELLED', 8),
(9, 2, 4821.62, '2021-08-08 00:06:44', 'CANCELLED', 9),
(10, 2, 3124.55, '2021-06-24 22:23:52', 'CANCELLED', 10),
(11, 2, 2986.25, '2021-06-29 10:15:35', 'CANCELLED', 11),
(12, 3, 3087.17, '2021-09-12 01:31:14', 'SENT', 12),
(13, 3, 4602.96, '2021-08-08 13:26:33', 'SENT', 13),
(14, 3, 4611.15, '2021-08-13 11:34:43', 'PAID', 14),
(15, 3, 2291.25, '2021-08-28 17:30:15', 'PAID', 15),
(16, 3, 1609.94, '2021-09-14 14:56:14', 'CANCELLED', 16),
(17, 3, 2132.01, '2021-07-25 01:34:28', 'CANCELLED', 17),
(18, 4, 1815.58, '2021-08-12 01:24:13', 'CANCELLED', 18),
(19, 4, 1376.58, '2021-08-13 08:50:36', 'CANCELLED', 19),
(20, 4, 2892.65, '2021-06-23 00:38:55', 'PAID', 20),
(21, 5, 1467.31, '2021-07-19 12:11:04', 'CANCELLED', 21),
(22, 5, 4354.83, '2021-08-01 10:52:47', 'PAID', 22),
(23, 5, 2111.12, '2021-09-10 16:11:23', 'SENT', 23),
(24, 5, 4814.04, '2021-08-14 14:05:01', 'SENT', 24),
(25, 5, 3229.57, '2021-08-30 11:08:55', 'SENT', 25),
(26, 5, 2395.48, '2021-06-17 16:24:59', 'CANCELLED', 26),
(27, 5, 3670.85, '2021-09-05 22:41:23', 'PAID', 27),
(28, 5, 1511.56, '2021-09-08 05:49:25', 'SENT', 28),
(29, 6, 2553.57, '2021-06-28 06:08:11', 'SENT', 29),
(30, 6, 4393.24, '2021-06-24 22:30:10', 'SENT', 30),
(31, 6, 4173.99, '2021-06-16 15:33:39', 'PAID', 31),
(32, 6, 1112.45, '2021-07-08 17:35:28', 'PAID', 32),
(33, 6, 3690.91, '2021-07-15 10:30:06', 'SENT', 33),
(34, 6, 1566.91, '2021-08-30 14:08:34', 'CANCELLED', 34),
(35, 6, 1848, '2021-07-25 07:26:23', 'PAID', 35),
(36, 6, 2947.98, '2021-09-11 17:51:49', 'CANCELLED', 36),
(37, 7, 2881.63, '2021-08-21 02:45:16', 'CANCELLED', 37),
(38, 7, 2656.21, '2021-07-05 20:04:05', 'PAID', 38),
(39, 7, 3514.13, '2021-06-27 11:33:54', 'CANCELLED', 39),
(40, 7, 4354.79, '2021-08-12 15:37:40', 'SENT', 40),
(41, 7, 2892.24, '2021-06-27 07:34:20', 'PAID', 41),
(42, 7, 1893.4, '2021-07-18 03:11:48', 'CANCELLED', 42),
(43, 7, 4717.94, '2021-07-19 15:44:30', 'SENT', 43),
(44, 7, 3911.97, '2021-06-20 16:43:21', 'SENT', 44),
(45, 7, 2983.3, '2021-08-25 17:23:23', 'CANCELLED', 45),
(46, 8, 1676.76, '2021-07-21 06:28:37', 'CANCELLED', 46),
(47, 8, 4471.25, '2021-09-07 03:48:00', 'CANCELLED', 47),
(48, 8, 2020.2, '2021-07-14 04:46:31', 'CANCELLED', 48),
(49, 9, 4338.31, '2021-08-19 11:09:58', 'SENT', 1),
(50, 9, 3870.67, '2021-07-30 13:27:08', 'SENT', 2),
(51, 9, 3538.66, '2021-07-18 05:24:37', 'SENT', 3),
(52, 9, 4466.53, '2021-08-16 15:54:36', 'SENT', 4),
(53, 9, 3182.82, '2021-06-20 14:22:27', 'PAID', 5),
(54, 9, 2226.68, '2021-09-07 15:42:40', 'SENT', 6),
(55, 10, 1472.41, '2021-08-11 03:56:25', 'SENT', 7),
(56, 10, 1571.95, '2021-07-25 17:36:02', 'PAID', 8),
(57, 10, 4288.94, '2021-06-20 21:28:09', 'CANCELLED', 9),
(58, 10, 1653.31, '2021-09-07 06:55:21', 'CANCELLED', 10),
(59, 10, 4446.04, '2021-07-17 12:10:41', 'CANCELLED', 11),
(60, 10, 3421.93, '2021-09-03 14:41:22', 'PAID', 12),
(61, 11, 2929.32, '2021-07-02 07:56:56', 'CANCELLED', 13),
(62, 11, 4839.63, '2021-07-05 22:17:01', 'CANCELLED', 14),
(63, 11, 3140.57, '2021-08-09 23:26:11', 'SENT', 15),
(64, 11, 1333.28, '2021-07-23 02:51:11', 'PAID', 16),
(65, 11, 1907.58, '2021-07-16 10:31:05', 'SENT', 17),
(66, 12, 1283.32, '2021-07-05 01:51:21', 'SENT', 18),
(67, 12, 3141.89, '2021-07-09 00:38:48', 'PAID', 19),
(68, 12, 1175.38, '2021-09-04 12:43:06', 'CANCELLED', 20),
(69, 12, 2379.68, '2021-08-10 08:36:19', 'SENT', 21),
(70, 13, 2255.64, '2021-07-06 19:41:16', 'SENT', 22),
(71, 13, 4599.07, '2021-07-25 04:04:27', 'CANCELLED', 23),
(72, 13, 2711.58, '2021-07-13 04:25:44', 'PAID', 24),
(73, 13, 4616.18, '2021-09-04 07:14:05', 'PAID', 25),
(74, 14, 3621.15, '2021-08-05 20:34:18', 'CANCELLED', 26),
(75, 14, 4729.7, '2021-09-13 21:14:31', 'SENT', 27),
(76, 14, 1107.1, '2021-07-28 01:43:16', 'SENT', 28),
(77, 14, 3335.72, '2021-08-11 05:31:19', 'PAID', 29),
(78, 14, 1807, '2021-07-25 22:30:02', 'CANCELLED', 30),
(79, 14, 4642.65, '2021-07-25 10:40:18', 'PAID', 31),
(80, 15, 1049.36, '2021-08-23 09:18:47', 'CANCELLED', 32),
(81, 15, 1438.11, '2021-08-31 18:17:36', 'SENT', 33),
(82, 15, 4217.15, '2021-08-28 16:36:52', 'SENT', 34),
(83, 15, 2136.91, '2021-07-11 03:32:10', 'PAID', 35),
(84, 15, 2631.3, '2021-09-05 15:23:02', 'PAID', 36),
(85, 16, 1844.7, '2021-06-23 10:29:52', 'SENT', 37),
(86, 16, 1964.37, '2021-08-20 00:37:45', 'CANCELLED', 38),
(87, 16, 1048.24, '2021-08-01 21:58:07', 'PAID', 39),
(88, 16, 1877.97, '2021-07-09 05:00:44', 'CANCELLED', 40),
(89, 16, 3784.87, '2021-07-29 14:27:39', 'SENT', 41),
(90, 16, 2110.81, '2021-07-10 12:36:43', 'SENT', 42),
(91, 16, 2395.27, '2021-06-28 20:05:36', 'CANCELLED', 43),
(92, 17, 2847.37, '2021-07-15 05:42:41', 'CANCELLED', 1),
(93, 17, 1354.67, '2021-08-10 08:09:57', 'PAID', 2),
(94, 17, 3269.19, '2021-07-08 20:29:50', 'CANCELLED', 3),
(95, 17, 4490.62, '2021-08-15 08:17:39', 'SENT', 4),
(96, 17, 1066.93, '2021-08-01 19:07:47', 'CANCELLED', 5),
(97, 18, 3533.74, '2021-07-10 22:14:13', 'PAID', 6),
(98, 18, 4859, '2021-06-30 23:31:00', 'PAID', 7),
(99, 18, 4488.32, '2021-08-17 21:56:09', 'PAID', 8),
(100, 18, 2671.42, '2021-08-31 11:40:40', 'PAID', 9),
(101, 19, 2283.57, '2021-09-13 07:02:35', 'PAID', 10),
(102, 19, 3935.59, '2021-07-09 21:39:53', 'CANCELLED', 11),
(103, 19, 1060.52, '2021-08-27 04:52:44', 'CANCELLED', 12),
(104, 19, 3943.19, '2021-06-27 15:08:32', 'SENT', 13),
(105, 20, 2579.88, '2021-08-12 17:48:53', 'SENT', 14),
(106, 20, 2345.78, '2021-07-17 20:51:07', 'SENT', 15),
(107, 20, 1823.63, '2021-08-09 12:44:12', 'SENT', 16),
(108, 20, 3223.11, '2021-09-11 15:56:30', 'PAID', 17),
(109, 20, 3468.53, '2021-07-15 13:00:04', 'CANCELLED', 18),
(110, 21, 1028.51, '2021-07-01 16:33:34', 'SENT', 19),
(111, 21, 1894.26, '2021-09-12 00:50:15', 'SENT', 20),
(112, 21, 4520.37, '2021-08-19 10:06:52', 'CANCELLED', 21),
(113, 21, 2010.65, '2021-07-26 16:22:40', 'PAID', 22),
(114, 21, 4934.43, '2021-07-14 11:43:33', 'CANCELLED', 23),
(115, 21, 1112.45, '2021-07-28 01:22:38', 'PAID', 24),
(116, 21, 3218.37, '2021-07-07 19:27:24', 'CANCELLED', 25),
(117, 22, 1218.05, '2021-07-08 12:54:22', 'PAID', 26),
(118, 22, 2704.36, '2021-06-16 12:45:54', 'PAID', 27),
(119, 22, 1329.74, '2021-07-01 11:51:37', 'CANCELLED', 28),
(120, 23, 2045.93, '2021-06-22 23:19:33', 'SENT', 29),
(121, 23, 3686.63, '2021-06-22 07:32:34', 'SENT', 30),
(122, 23, 1062.93, '2021-07-26 18:27:34', 'PAID', 31),
(123, 23, 2547.62, '2021-07-25 12:16:17', 'CANCELLED', 32),
(124, 23, 3595.08, '2021-06-16 22:00:25', 'CANCELLED', 33),
(125, 24, 2261.92, '2021-08-29 08:18:51', 'SENT', 1),
(126, 24, 1048.39, '2021-06-26 20:12:38', 'SENT', 2),
(127, 24, 3655.06, '2021-06-25 15:22:39', 'SENT', 3),
(128, 24, 2375.49, '2021-08-25 13:11:12', 'SENT', 4),
(129, 24, 2005.64, '2021-07-21 06:14:27', 'PAID', 5),
(130, 24, 4646.86, '2021-08-13 14:09:36', 'PAID', 6),
(131, 24, 2582.95, '2021-08-07 02:46:58', 'SENT', 7),
(132, 25, 2254.71, '2021-08-19 17:33:32', 'PAID', 8),
(133, 25, 3803.05, '2021-09-06 08:52:05', 'PAID', 9),
(134, 25, 2895.94, '2021-07-09 16:30:20', 'PAID', 10),
(135, 25, 1793.1, '2021-07-09 23:30:13', 'SENT', 11),
(136, 26, 4873.43, '2021-08-14 06:55:39', 'PAID', 12),
(137, 26, 2545.34, '2021-07-12 12:39:49', 'CANCELLED', 13),
(138, 26, 1550.52, '2021-06-25 08:01:32', 'PAID', 14),
(139, 26, 4940.28, '2021-08-02 14:40:51', 'PAID', 15),
(140, 27, 3074.14, '2021-09-01 10:09:02', 'SENT', 16),
(141, 27, 1511.4, '2021-06-21 17:16:39', 'SENT', 17),
(142, 27, 2137.01, '2021-08-05 22:06:03', 'CANCELLED', 18),
(143, 27, 2987, '2021-08-09 17:22:33', 'CANCELLED', 19),
(144, 27, 4262.72, '2021-06-26 03:00:12', 'SENT', 20),
(145, 27, 4938.56, '2021-08-20 00:45:17', 'PAID', 21),
(146, 27, 3901.86, '2021-08-20 13:21:07', 'PAID', 22),
(147, 27, 4052.08, '2021-06-18 02:48:36', 'PAID', 23),
(148, 28, 3584.01, '2021-08-28 01:26:33', 'SENT', 24),
(149, 28, 1919.54, '2021-09-01 07:59:42', 'CANCELLED', 25),
(150, 28, 2943.84, '2021-09-07 08:39:45', 'PAID', 26),
(151, 28, 2958.43, '2021-08-10 21:21:03', 'CANCELLED', 27),
(152, 28, 1880.66, '2021-06-29 09:32:28', 'SENT', 28),
(153, 28, 4415.15, '2021-08-01 19:23:14', 'PAID', 29),
(154, 29, 2752.15, '2021-08-13 00:45:49', 'CANCELLED', 30),
(155, 29, 1421.54, '2021-07-27 16:10:22', 'PAID', 31),
(156, 29, 3788.8, '2021-09-10 04:42:48', 'CANCELLED', 32),
(157, 29, 2729.28, '2021-07-05 09:24:41', 'SENT', 33),
(158, 29, 2511.68, '2021-07-26 10:45:35', 'PAID', 34),
(159, 29, 1512.48, '2021-08-06 02:44:14', 'PAID', 35),
(160, 30, 4042.29, '2021-07-15 16:43:54', 'SENT', 36),
(161, 30, 4582.69, '2021-08-22 07:35:55', 'CANCELLED', 37),
(162, 30, 1466.34, '2021-09-07 20:25:01', 'SENT', 38),
(163, 30, 1357.81, '2021-08-15 01:36:18', 'CANCELLED', 39),
(164, 31, 4839.45, '2021-09-07 21:30:50', 'SENT', 40),
(165, 31, 1025.07, '2021-07-08 15:57:55', 'CANCELLED', 41),
(166, 31, 3747, '2021-07-27 19:31:56', 'PAID', 42),
(167, 31, 4318.84, '2021-08-30 02:20:21', 'CANCELLED', 43),
(168, 31, 2468.41, '2021-07-09 14:52:03', 'CANCELLED', 44),
(169, 31, 3503.58, '2021-08-25 21:05:49', 'SENT', 45),
(170, 31, 1304.27, '2021-08-18 01:34:30', 'PAID', 46),
(171, 32, 3915.73, '2021-08-25 08:34:15', 'CANCELLED', 47),
(172, 32, 2162.12, '2021-06-21 11:00:14', 'SENT', 48),
(173, 32, 1223.53, '2021-07-28 11:54:25', 'SENT', 49),
(174, 32, 3055.63, '2021-08-02 11:24:35', 'SENT', 50),
(175, 32, 2764.04, '2021-08-12 05:55:38', 'CANCELLED', 51),
(176, 33, 4329.31, '2021-07-12 15:52:32', 'PAID', 52),
(177, 33, 1907.15, '2021-07-12 23:35:27', 'CANCELLED', 53),
(178, 33, 3633.25, '2021-06-18 10:54:31', 'PAID', 54),
(179, 33, 4301.04, '2021-09-10 01:11:58', 'CANCELLED', 55),
(180, 33, 3212.41, '2021-08-09 05:45:04', 'CANCELLED', 56),
(181, 34, 1689.89, '2021-09-04 19:28:11', 'PAID', 57),
(182, 34, 4581.88, '2021-08-02 20:15:44', 'CANCELLED', 58),
(183, 34, 2306.92, '2021-07-12 19:25:24', 'CANCELLED', 59),
(184, 34, 3920.68, '2021-08-11 01:36:13', 'CANCELLED', 60),
(185, 34, 3703.36, '2021-08-25 19:37:52', 'CANCELLED', 61),
(186, 35, 3421.81, '2021-08-17 02:56:09', 'PAID', 62),
(187, 35, 2544.37, '2021-07-15 06:32:20', 'SENT', 63),
(188, 35, 4979.74, '2021-06-24 11:48:36', 'SENT', 64),
(189, 36, 3758.06, '2021-07-31 16:58:44', 'PAID', 65),
(190, 36, 1901.96, '2021-06-17 21:29:50', 'CANCELLED', 66),
(191, 36, 2110.06, '2021-08-20 21:48:39', 'PAID', 67),
(192, 36, 1155.99, '2021-08-17 20:47:29', 'PAID', 68),
(193, 37, 2630.3, '2021-07-18 00:41:46', 'SENT', 1),
(194, 37, 4844.38, '2021-06-22 03:59:54', 'PAID', 2),
(195, 37, 2187.44, '2021-08-26 11:54:53', 'SENT', 3),
(196, 37, 4185.36, '2021-07-22 10:24:21', 'PAID', 4),
(197, 37, 3428.59, '2021-07-04 00:27:49', 'PAID', 5),
(198, 37, 1213.81, '2021-07-10 11:33:09', 'PAID', 6),
(199, 38, 1817.27, '2021-08-06 16:53:09', 'CANCELLED', 7),
(200, 38, 1940.02, '2021-09-09 07:05:16', 'CANCELLED', 8),
(201, 38, 1635.82, '2021-08-30 17:04:19', 'SENT', 9),
(202, 38, 3582.48, '2021-09-02 06:47:02', 'CANCELLED', 10),
(203, 38, 3640.38, '2021-06-30 01:56:37', 'PAID', 11),
(204, 39, 4397.29, '2021-08-17 04:01:46', 'PAID', 12),
(205, 39, 3415.44, '2021-07-25 06:40:01', 'SENT', 13),
(206, 39, 3004.5, '2021-09-15 04:10:38', 'CANCELLED', 14),
(207, 39, 1166.14, '2021-08-05 09:24:49', 'CANCELLED', 15),
(208, 40, 4046.05, '2021-06-28 14:54:30', 'PAID', 16),
(209, 40, 4308.15, '2021-07-21 01:29:14', 'PAID', 17),
(210, 40, 1923.66, '2021-06-16 22:17:07', 'SENT', 18),
(211, 40, 1027.87, '2021-07-19 20:00:24', 'SENT', 19),
(212, 40, 2692.44, '2021-08-01 17:24:39', 'PAID', 20),
(213, 41, 3712.41, '2021-08-10 22:38:43', 'SENT', 21),
(214, 41, 3708.64, '2021-09-08 20:34:41', 'SENT', 22),
(215, 41, 1529.47, '2021-07-23 13:52:03', 'PAID', 23),
(216, 41, 4933.1, '2021-07-09 05:57:22', 'SENT', 24),
(217, 41, 2405.23, '2021-08-03 19:04:38', 'SENT', 25),
(218, 41, 3361.5, '2021-06-22 00:21:39', 'CANCELLED', 26),
(219, 41, 4822.65, '2021-07-18 10:53:22', 'PAID', 27),
(220, 42, 1432.42, '2021-08-09 22:39:36', 'PAID', 28),
(221, 42, 2863.77, '2021-07-03 14:29:20', 'SENT', 29),
(222, 42, 2643.53, '2021-07-11 10:34:47', 'CANCELLED', 30),
(223, 42, 4479.4, '2021-06-30 00:21:18', 'CANCELLED', 31),
(224, 42, 4285, '2021-09-08 05:33:58', 'SENT', 32),
(225, 42, 3342.28, '2021-08-27 02:53:56', 'SENT', 33),
(226, 42, 4690.96, '2021-07-29 03:46:50', 'CANCELLED', 34),
(227, 42, 2532.06, '2021-08-11 01:20:20', 'PAID', 35),
(228, 42, 1530.81, '2021-07-06 15:57:03', 'SENT', 36),
(229, 43, 4416.87, '2021-06-22 18:23:48', 'PAID', 37),
(230, 43, 2248.54, '2021-08-22 00:17:05', 'CANCELLED', 38),
(231, 43, 3540.07, '2021-08-31 13:31:19', 'PAID', 39),
(232, 43, 3677.3, '2021-08-20 22:39:24', 'PAID', 40),
(233, 43, 1470.25, '2021-07-08 08:01:09', 'PAID', 41),
(234, 43, 1348.53, '2021-09-10 09:45:45', 'CANCELLED', 42),
(235, 44, 2660.16, '2021-07-21 15:33:25', 'PAID', 1),
(236, 44, 3097.39, '2021-06-16 14:40:48', 'SENT', 2),
(237, 44, 4448.21, '2021-09-02 19:26:00', 'SENT', 3),
(238, 44, 1849.01, '2021-07-13 05:54:45', 'PAID', 4),
(239, 45, 1040.48, '2021-06-20 21:05:20', 'SENT', 5),
(240, 45, 1473.01, '2021-08-21 23:22:59', 'SENT', 6),
(241, 45, 1435.34, '2021-06-26 09:43:06', 'PAID', 7),
(242, 45, 3757.79, '2021-08-21 02:27:18', 'CANCELLED', 8),
(243, 45, 1858.13, '2021-08-15 09:46:09', 'PAID', 9),
(244, 45, 4898.34, '2021-07-28 06:20:30', 'PAID', 10),
(245, 45, 4847.11, '2021-08-20 15:47:03', 'SENT', 11),
(246, 45, 2842.44, '2021-07-07 20:59:06', 'CANCELLED', 12),
(247, 46, 1890.76, '2021-07-05 07:39:25', 'CANCELLED', 13),
(248, 46, 2959.81, '2021-07-17 13:57:08', 'PAID', 14),
(249, 46, 4716.28, '2021-06-23 00:12:57', 'CANCELLED', 15),
(250, 46, 4394.38, '2021-08-08 15:39:54', 'PAID', 16),
(251, 46, 3522.47, '2021-09-09 02:02:40', 'SENT', 17),
(252, 47, 1845.05, '2021-07-02 00:23:16', 'CANCELLED', 18),
(253, 47, 3360.53, '2021-08-16 12:55:44', 'PAID', 19),
(254, 47, 2356.79, '2021-08-12 14:25:32', 'SENT', 20),
(255, 47, 1669.35, '2021-09-13 00:54:05', 'CANCELLED', 21),
(256, 47, 3465.08, '2021-08-30 05:49:42', 'PAID', 22),
(257, 47, 4531.99, '2021-09-09 15:45:02', 'CANCELLED', 23),
(258, 47, 1842.81, '2021-06-15 16:06:02', 'SENT', 24),
(259, 48, 3709.41, '2021-08-14 11:39:23', 'CANCELLED', 25),
(260, 48, 2816.08, '2021-08-15 15:10:46', 'PAID', 26),
(261, 48, 1863.09, '2021-08-03 20:05:54', 'SENT', 27),
(262, 48, 3348.5, '2021-08-01 05:51:40', 'CANCELLED', 28),
(263, 48, 2904.02, '2021-09-06 22:52:39', 'CANCELLED', 29),
(264, 48, 1043.82, '2021-09-06 21:23:32', 'SENT', 30),
(265, 48, 2349.73, '2021-09-05 03:10:02', 'SENT', 31),
(266, 49, 3698.54, '2021-07-24 15:57:20', 'PAID', 1),
(267, 49, 3485.82, '2021-06-15 13:15:06', 'PAID', 2),
(268, 49, 4784.67, '2021-07-03 19:38:14', 'CANCELLED', 3),
(269, 49, 4035.18, '2021-06-28 04:42:32', 'CANCELLED', 4),
(270, 50, 2148.53, '2021-07-12 06:25:37', 'SENT', 5),
(271, 50, 2025.59, '2021-06-18 12:23:43', 'PAID', 6),
(272, 50, 3006.83, '2021-09-07 01:12:57', 'CANCELLED', 7),
(273, 50, 2962.27, '2021-08-03 14:34:07', 'SENT', 8),
(274, 50, 4315.11, '2021-07-24 04:40:49', 'CANCELLED', 9),
(275, 50, 1023.41, '2021-09-11 17:58:44', 'CANCELLED', 10),
(276, 51, 4056.32, '2021-09-14 04:24:42', 'SENT', 11),
(277, 51, 2767.78, '2021-07-14 03:22:37', 'PAID', 12),
(278, 51, 3504.05, '2021-07-18 10:49:13', 'SENT', 13),
(279, 51, 1717.43, '2021-08-04 00:25:41', 'PAID', 14),
(280, 51, 1149.63, '2021-07-29 18:03:55', 'SENT', 15),
(281, 52, 1806.55, '2021-07-10 01:25:37', 'CANCELLED', 16),
(282, 52, 4388.35, '2021-07-29 07:03:04', 'CANCELLED', 17),
(283, 52, 2334.3, '2021-07-12 14:56:35', 'PAID', 18),
(284, 52, 3857.16, '2021-06-27 19:41:36', 'SENT', 19),
(285, 52, 2068.72, '2021-09-12 12:49:35', 'CANCELLED', 20),
(286, 52, 2650.78, '2021-08-29 05:27:44', 'SENT', 21),
(287, 53, 3518.95, '2021-06-22 20:40:00', 'CANCELLED', 22),
(288, 53, 2618.12, '2021-08-19 20:51:19', 'CANCELLED', 23),
(289, 53, 4197.19, '2021-09-08 02:21:28', 'SENT', 24),
(290, 53, 1987.18, '2021-06-27 23:51:52', 'PAID', 25),
(291, 53, 4700.71, '2021-06-18 10:21:48', 'PAID', 26),
(292, 53, 2818.76, '2021-08-02 16:53:48', 'SENT', 27),
(293, 53, 2318.33, '2021-07-17 19:18:59', 'PAID', 28),
(294, 54, 2635.95, '2021-09-14 00:16:43', 'PAID', 29),
(295, 54, 2390, '2021-07-26 06:34:57', 'PAID', 30),
(296, 54, 3804.06, '2021-09-07 11:21:22', 'SENT', 31),
(297, 54, 4346.97, '2021-07-05 05:26:30', 'PAID', 32),
(298, 54, 3215.8, '2021-08-17 05:11:36', 'CANCELLED', 33),
(299, 54, 3924.04, '2021-09-01 21:53:51', 'CANCELLED', 34),
(300, 55, 4896.11, '2021-06-24 04:58:30', 'SENT', 35),
(301, 55, 2298.32, '2021-09-14 01:58:33', 'CANCELLED', 36),
(302, 55, 3484.49, '2021-06-20 02:16:35', 'CANCELLED', 37),
(303, 55, 1108.72, '2021-09-04 06:28:43', 'CANCELLED', 38),
(304, 55, 1852.23, '2021-07-03 05:18:11', 'CANCELLED', 39),
(305, 56, 1934.53, '2021-07-30 19:08:19', 'PAID', 1),
(306, 56, 3961.34, '2021-08-24 04:15:58', 'PAID', 2),
(307, 56, 2511.45, '2021-09-11 13:55:33', 'PAID', 3),
(308, 56, 1238.16, '2021-07-11 15:19:10', 'PAID', 4),
(309, 56, 3412.57, '2021-08-22 04:49:42', 'CANCELLED', 5),
(310, 57, 4640.53, '2021-06-30 02:58:09', 'PAID', 6),
(311, 57, 1444.31, '2021-08-18 05:39:25', 'CANCELLED', 7),
(312, 57, 3543.74, '2021-06-23 15:41:06', 'CANCELLED', 8),
(313, 57, 4442.86, '2021-08-03 01:59:03', 'SENT', 9),
(314, 57, 2318.47, '2021-07-18 00:05:03', 'PAID', 10),
(315, 58, 2711.92, '2021-07-21 18:28:46', 'PAID', 11),
(316, 58, 2449.48, '2021-08-28 12:42:41', 'CANCELLED', 12),
(317, 58, 4186.23, '2021-07-22 03:36:06', 'CANCELLED', 13),
(318, 58, 3038.89, '2021-09-01 09:43:14', 'CANCELLED', 14),
(319, 58, 4672.4, '2021-09-13 20:48:08', 'SENT', 15),
(320, 58, 2854.03, '2021-08-20 19:32:44', 'PAID', 16),
(321, 59, 4336.51, '2021-06-27 01:35:27', 'PAID', 17),
(322, 59, 1562.1, '2021-06-18 00:55:53', 'PAID', 18),
(323, 59, 1080.91, '2021-08-22 11:47:14', 'PAID', 19),
(324, 59, 4664.53, '2021-08-23 03:05:27', 'PAID', 20),
(325, 59, 1332.92, '2021-09-05 20:02:39', 'SENT', 21),
(326, 59, 4284.55, '2021-07-24 10:59:50', 'SENT', 22),
(327, 59, 1813.43, '2021-07-15 17:39:30', 'CANCELLED', 23),
(328, 59, 3405.69, '2021-08-09 04:21:02', 'SENT', 24),
(329, 59, 3086.29, '2021-07-30 00:19:19', 'SENT', 25),
(330, 60, 4668.52, '2021-09-10 05:33:02', 'PAID', 26),
(331, 60, 4790.63, '2021-06-22 17:23:38', 'SENT', 27),
(332, 60, 4626.94, '2021-07-01 22:09:18', 'SENT', 28),
(333, 60, 1218.82, '2021-09-09 14:10:54', 'CANCELLED', 29),
(334, 60, 3273.81, '2021-08-31 04:54:16', 'CANCELLED', 30),
(335, 60, 3835.89, '2021-09-14 08:46:17', 'PAID', 31),
(336, 60, 1025.63, '2021-08-13 16:14:30', 'CANCELLED', 32),
(337, 61, 2325.87, '2021-07-21 00:12:59', 'SENT', 33),
(338, 61, 2054.14, '2021-08-15 10:14:34', 'CANCELLED', 34),
(339, 61, 1706, '2021-08-29 18:17:58', 'CANCELLED', 35),
(340, 61, 2814.58, '2021-08-29 23:03:39', 'CANCELLED', 36),
(341, 61, 3627.12, '2021-08-02 00:02:52', 'CANCELLED', 37),
(342, 61, 4326.13, '2021-07-26 20:12:19', 'SENT', 38),
(343, 61, 1139.44, '2021-07-28 08:50:18', 'CANCELLED', 39),
(344, 61, 2749.7, '2021-06-18 07:28:07', 'PAID', 40),
(345, 62, 4584.17, '2021-06-19 07:30:26', 'CANCELLED', 1),
(346, 62, 2044.93, '2021-07-25 08:29:54', 'PAID', 2),
(347, 62, 1271.02, '2021-08-10 07:07:24', 'PAID', 3),
(348, 62, 2545.64, '2021-09-11 14:10:56', 'PAID', 4),
(349, 62, 4725.46, '2021-07-23 14:29:09', 'PAID', 5),
(350, 62, 4647.67, '2021-07-05 18:58:47', 'CANCELLED', 6),
(351, 63, 1589.85, '2021-09-13 14:01:56', 'CANCELLED', 7),
(352, 63, 3681.94, '2021-06-27 19:59:43', 'CANCELLED', 8),
(353, 63, 4540.49, '2021-08-24 17:04:27', 'SENT', 9),
(354, 63, 2181.26, '2021-08-16 07:32:55', 'PAID', 10),
(355, 63, 1033.8, '2021-07-28 13:39:26', 'SENT', 11),
(356, 64, 3324.06, '2021-07-29 23:23:57', 'SENT', 12),
(357, 64, 3316.58, '2021-08-23 04:46:45', 'PAID', 13),
(358, 64, 2056.73, '2021-07-29 12:06:09', 'CANCELLED', 14),
(359, 64, 4090.97, '2021-09-11 15:40:18', 'SENT', 15),
(360, 64, 3862.66, '2021-06-18 12:44:24', 'CANCELLED', 16),
(361, 64, 3237.01, '2021-06-26 02:27:01', 'PAID', 17),
(362, 64, 2279.68, '2021-07-22 12:25:08', 'SENT', 18),
(363, 64, 4935.76, '2021-08-21 17:29:56', 'SENT', 19),
(364, 64, 2928.88, '2021-08-06 18:34:05', 'SENT', 20),
(365, 65, 1071.92, '2021-07-28 11:23:36', 'PAID', 21),
(366, 65, 3363.45, '2021-08-10 13:07:37', 'PAID', 22),
(367, 65, 2590.74, '2021-09-13 11:12:34', 'PAID', 23),
(368, 65, 2498.71, '2021-09-08 23:09:49', 'CANCELLED', 24),
(369, 65, 1222.08, '2021-08-13 20:44:39', 'PAID', 25),
(370, 66, 3130.05, '2021-06-24 11:38:55', 'CANCELLED', 26),
(371, 66, 4138.75, '2021-06-21 01:03:50', 'PAID', 27),
(372, 66, 3150.3, '2021-07-28 13:37:22', 'SENT', 28),
(373, 67, 3248.99, '2021-08-26 10:32:35', 'CANCELLED', 29),
(374, 67, 2915.14, '2021-08-29 18:00:43', 'PAID', 30),
(375, 67, 3263.86, '2021-08-03 10:52:20', 'SENT', 31),
(376, 67, 1370.32, '2021-06-25 21:37:06', 'PAID', 32),
(377, 67, 1205.33, '2021-07-18 05:20:55', 'SENT', 33),
(378, 67, 1539.86, '2021-08-07 01:34:00', 'SENT', 34),
(379, 68, 3446.93, '2021-06-25 14:27:32', 'PAID', 35),
(380, 68, 3588.24, '2021-07-11 17:54:10', 'SENT', 36),
(381, 68, 2769.09, '2021-08-07 08:31:29', 'SENT', 37),
(382, 68, 3682.25, '2021-08-21 00:01:13', 'SENT', 38),
(383, 69, 2615.01, '2021-07-16 18:39:21', 'CANCELLED', 39),
(384, 69, 2763.86, '2021-08-13 16:23:16', 'PAID', 40),
(385, 69, 1777.02, '2021-09-13 10:57:32', 'PAID', 41),
(386, 69, 4752.14, '2021-09-12 14:59:04', 'CANCELLED', 42),
(387, 70, 4532.5, '2021-08-09 11:10:05', 'CANCELLED', 43),
(388, 70, 3293.05, '2021-08-04 09:21:19', 'CANCELLED', 44),
(389, 70, 4275.05, '2021-07-08 20:06:49', 'SENT', 45),
(390, 70, 1485.82, '2021-07-22 04:53:39', 'SENT', 46),
(391, 70, 1045.76, '2021-06-19 04:59:36', 'PAID', 47),
(392, 70, 4707.25, '2021-08-22 10:32:26', 'PAID', 48),
(393, 71, 3266.53, '2021-09-13 11:21:26', 'SENT', 49),
(394, 71, 3550.39, '2021-09-09 19:29:20', 'CANCELLED', 50),
(395, 71, 3405.72, '2021-08-03 12:11:01', 'SENT', 51),
(396, 72, 1046.46, '2021-09-13 02:47:14', 'PAID', 52),
(397, 72, 4112.89, '2021-06-18 01:54:21', 'CANCELLED', 53),
(398, 72, 1616.68, '2021-08-28 23:49:32', 'CANCELLED', 54),
(399, 72, 2112.97, '2021-06-23 14:49:42', 'PAID', 55),
(400, 73, 4381.65, '2021-08-18 02:49:10', 'PAID', 1),
(401, 73, 2952.69, '2021-07-22 20:46:13', 'CANCELLED', 2),
(402, 73, 2536.01, '2021-07-28 20:26:41', 'SENT', 3),
(403, 73, 4500.93, '2021-08-19 14:02:22', 'CANCELLED', 4),
(404, 73, 3527.46, '2021-07-21 08:29:27', 'PAID', 5),
(405, 74, 3300.04, '2021-07-24 21:32:19', 'SENT', 6),
(406, 74, 2206.76, '2021-07-25 19:44:10', 'PAID', 7),
(407, 74, 3075.84, '2021-06-23 20:31:13', 'PAID', 8),
(408, 75, 3653.48, '2021-08-14 21:28:45', 'PAID', 9),
(409, 75, 3418.5, '2021-06-27 04:20:04', 'CANCELLED', 10),
(410, 75, 1784.49, '2021-06-19 22:19:35', 'PAID', 11),
(411, 76, 2396.3, '2021-08-18 08:12:47', 'CANCELLED', 12),
(412, 76, 3346.82, '2021-06-15 14:02:18', 'SENT', 13),
(413, 76, 1676.8, '2021-06-19 00:54:09', 'PAID', 14),
(414, 76, 1289.05, '2021-09-03 19:16:00', 'SENT', 15),
(415, 76, 4988.88, '2021-08-01 01:19:36', 'PAID', 16),
(416, 76, 4334.67, '2021-08-26 14:32:17', 'SENT', 17),
(417, 76, 4769.12, '2021-07-22 23:56:06', 'PAID', 18),
(418, 76, 4571.93, '2021-08-27 12:52:11', 'SENT', 19),
(419, 77, 1588.67, '2021-06-22 21:15:07', 'PAID', 20),
(420, 77, 2463.45, '2021-07-02 09:33:51', 'PAID', 21),
(421, 77, 2328.29, '2021-08-11 22:13:12', 'PAID', 22),
(422, 77, 1789.08, '2021-07-11 05:37:18', 'SENT', 23),
(423, 77, 2941.99, '2021-07-17 03:13:40', 'SENT', 24),
(424, 78, 2903.4, '2021-07-04 16:06:06', 'SENT', 25),
(425, 78, 1187.43, '2021-06-29 05:38:03', 'CANCELLED', 26),
(426, 78, 1609.65, '2021-08-31 13:46:37', 'SENT', 27),
(427, 78, 1888.03, '2021-08-28 15:53:56', 'SENT', 28),
(428, 78, 2092.34, '2021-06-20 09:06:30', 'CANCELLED', 29),
(429, 79, 1824.44, '2021-09-01 11:14:41', 'PAID', 30),
(430, 79, 2452.96, '2021-08-13 14:24:18', 'CANCELLED', 31),
(431, 79, 2001.27, '2021-08-16 00:55:22', 'CANCELLED', 32),
(432, 79, 3429.26, '2021-08-28 20:38:22', 'PAID', 33),
(433, 79, 3002.19, '2021-06-16 18:34:41', 'CANCELLED', 34),
(434, 80, 3750.57, '2021-07-20 22:07:08', 'PAID', 35),
(435, 80, 1419.42, '2021-08-07 13:40:08', 'CANCELLED', 36),
(436, 80, 2954.55, '2021-08-26 00:05:58', 'SENT', 37),
(437, 80, 4186.61, '2021-08-24 03:13:10', 'CANCELLED', 38),
(438, 80, 4624.47, '2021-08-28 08:54:48', 'SENT', 39),
(439, 80, 1892.09, '2021-09-15 03:36:47', 'SENT', 40);

-- --------------------------------------------------------

--
-- Structure de la table `user`
--

DROP TABLE IF EXISTS `user`;
CREATE TABLE IF NOT EXISTS `user` (
  `id` int(11) NOT NULL AUTO_INCREMENT,
  `email` varchar(180) COLLATE utf8mb4_unicode_ci NOT NULL,
  `roles` json NOT NULL,
  `password` varchar(255) COLLATE utf8mb4_unicode_ci NOT NULL,
  `first_name` varchar(255) COLLATE utf8mb4_unicode_ci NOT NULL,
  `last_name` varchar(255) COLLATE utf8mb4_unicode_ci NOT NULL,
  PRIMARY KEY (`id`),
  UNIQUE KEY `UNIQ_8D93D649E7927C74` (`email`)
) ENGINE=InnoDB AUTO_INCREMENT=11 DEFAULT CHARSET=utf8mb4 COLLATE=utf8mb4_unicode_ci;

--
-- Déchargement des données de la table `user`
--

INSERT INTO `user` (`id`, `email`, `roles`, `password`, `first_name`, `last_name`) VALUES
(1, 'aleduc@wanadoo.fr', '[]', '$argon2i$v=19$m=65536,t=4,p=1$VVhXZUIzcXhEamRnL01pTA$DzUJ9iSlT+XeDemKmBZZnHkagCnirx9/134qC7Iw/+Q', 'Marie', 'Ramos'),
(2, 'nicolas14@yahoo.fr', '[]', '$argon2i$v=19$m=65536,t=4,p=1$eDlMRjFSamYxTVl5Z2dvbg$H6xtwbsukSIP/JHMebF/XllAkPMQ17DYNMPcK846/SU', 'Jacqueline', 'Perez'),
(3, 'bazin.gabrielle@garcia.com', '[]', '$argon2i$v=19$m=65536,t=4,p=1$Mi9uN215QjNtNVRDVGxmcw$vXFqiOOryIY3qUJC382am7wYwy6WuYUbH+vCyxILJ9g', 'Dominique', 'Ollivier'),
(4, 'lucas.bourdon@sfr.fr', '[]', '$argon2i$v=19$m=65536,t=4,p=1$aXVuREJ0UDIyNWlGbmlQeA$nmyGXavgsgKW7gL7Nk9QU8g3erX8SunKFxP+B0B501Q', 'Adèle', 'Germain'),
(5, 'bonnet.auguste@pinto.com', '[]', '$argon2i$v=19$m=65536,t=4,p=1$ZUhUZVh6bmdremZ0YmtUdA$zz+jtpoCO88uoH8XxCxUkAXYzAU2diBWSZy63UZZl3s', 'Marthe', 'Besnard'),
(6, 'sabine.richard@joly.com', '[]', '$argon2i$v=19$m=65536,t=4,p=1$dW9rTVRnU1BnSi5VcDFKdA$3094AJKPb7fpF8CfYNzxpwME/SiG3c5TFk3CIWC93UA', 'Andrée', 'Huet'),
(7, 'briand.leon@pires.org', '[]', '$argon2i$v=19$m=65536,t=4,p=1$VDYxY2NGY3JCZnppRGZoSw$zxlCzKTM6CjECKrnh0Vt3IKI9tmd2PkNQPCM7ImVMO8', 'Emmanuel', 'Da Silva'),
(8, 'charles.lebon@colin.fr', '[]', '$argon2i$v=19$m=65536,t=4,p=1$SmQ2WGxRSExaWEU1YUFLOA$UNTImmpyV3XtrGuTpGO2uAXLTjCpTjf03m+CQmmQccg', 'Antoine', 'Marty'),
(9, 'marie80@vincent.fr', '[]', '$argon2i$v=19$m=65536,t=4,p=1$S2R0ekJHd2pTd0MxMVJ1cQ$R26UGkLd56W58/xcnRnNsvRcYxS3vtkiJmTVZ67gcV4', 'Hugues', 'Hernandez'),
(10, 'christine.martineau@lenoir.net', '[]', '$argon2i$v=19$m=65536,t=4,p=1$bHRyR09ZaHFLMkZITTlVNA$oncKIYCIoa7TEKC1uQ1VI0WAeC9WGcOCJr6vNYZ44A4', 'Mathilde', 'Delmas');

--
-- Contraintes pour les tables déchargées
--

--
-- Contraintes pour la table `customer`
--
ALTER TABLE `customer`
  ADD CONSTRAINT `FK_81398E09A76ED395` FOREIGN KEY (`user_id`) REFERENCES `user` (`id`);

--
-- Contraintes pour la table `invoice`
--
ALTER TABLE `invoice`
  ADD CONSTRAINT `FK_906517449395C3F3` FOREIGN KEY (`customer_id`) REFERENCES `customer` (`id`);
COMMIT;
